hs4_o,description,low_catagory,high_catagory,hs4
0101,"Hors,es  ass,es  mules and hinnies, live",Other agricultural commodities,2. Agriculture,0101
0102,"Bovine anima,ls  live",Other agricultural commodities,2. Agriculture,0102
0103,"Swine, live",Other agricultural commodities,2. Agriculture,0103
0104,"Sheep and goa,ts  live",Other agricultural commodities,2. Agriculture,0104
0105,"Poultry, live; chickens, ducks, geese, turkeys and guineas",Other agricultural commodities,2. Agriculture,0105
0106,"Anima,ls  liv, e  nesoi",Other agricultural commodities,2. Agriculture,0106
0201,"Meat of bovine animals, fresh or chilled",Meat,2. Agriculture,0201
0202,"Meat of bovine animals, frozen",Meat,2. Agriculture,0202
0203,"Meat of swin, e  fresh, chilled, or frozen",Meat,2. Agriculture,0203
0204,"Meat of sheep or goats, fresh, chilled or frozen",Meat,2. Agriculture,0204
0205,"Meat of hors,es  ass,es  mules or hinnies, fresh, chilled or frozen",Other agricultural commodities,2. Agriculture,0205
0206,"Edib  l e offa  l of  bovine animals, swine, shee, p  goa,ts  horses, asses, mules or hinnies, fresh, chilled or frozen",Meat,2. Agriculture,0206
0207,"Meat and edible offal. of the poultry of heading010,5 fres,h   chilled or frozen",Meat,2. Agriculture,0207
0208,"Other meat and edible meat offal. fre,sh chilled or frozen",Meat,2. Agriculture,0208
0209,"Pig  f,a t  freeof Jean me,at  and poultry f,at  not rendered or otherwise extracted, fresh, chille, d  frozen, salted, in brin, e  dried or smoked",Meat,2. Agriculture,0209
0210,"Meat and edible meat off,al  salted, in brine, dried or smoked; edible flours and meals of meat or meat offal",Meat,2. Agriculture,0210
0301,Live fish,Seafood,2. Agriculture,0301
0302,"Fish, fresh or chilled, excluding fish fillets and other fish meat of heading 0304",Seafood,2. Agriculture,0302
0303,"Fish, frozen, excluding fish fillets and other fish meat of heading 0304",Seafood,2. Agriculture,0303
0304,"Fish fillets and other fish meat (whether or not mince,d) fresh, chilled or frozen",Seafood,2. Agriculture,0304
0305,"Fish, dried. salted or in brine; smoked fish, whether or not cooked before or during the smoking process; flou,rs  meals and
pellets of fis, h  fit for human consumption",Seafood,2. Agriculture,0305
0306,"Crustaceans, whether in shell or n,ot  live, fresh, chilled, froze, n  drie, d  salted or in brine; smoked crustaceans, whether in shell or not, whether or not cooked beforeor during the smoking process; crustaceans, in she,ll  cooked by steaming or by boiling in wat,er  whether or not chille, d  frozen, dried, salted or in brine; flou,rs  meals and pellets of crustacean, s  fit for
human consumption",Seafood,2. Agriculture,0306
0307,"Molluscs, whether in shell or n,ot  liv, e  fresh, chilled, frozen, dried. salted or in brine; smoked molluscs, whether in shell or not, whether or not cooked before or during the smoking process; flours, meals and pellets of molluscs, fit for hwnan
consumotion",Seafood,2. Agriculture,0307
0308,"Aquatic invertebrates other than crustaceans and mollusc, s  liv, e  fres, h  chilled, froze, n  drie, d  salted or in brine;smoked aquatic invertebrates other than crustaceans and molluscs, whether or not cooked before or during the smoking process;
flou,rs  meals and pellets of aquatic invertebrates other than crustaceans and molluscs, fit for human consumption",Seafood,2. Agriculture,0308
0401,"Milk and cream, not concentrated nor containing added sweetening",Other agricultural commodities,2. Agriculture,0401
0402,"Milk and cream, concentrated or containing added sweetening",Other agricultural commodities,2. Agriculture,0402
0403,"Buttennilk, curdled milk and cream, yogu,rt  kephir etc., whether or not flavored etc. or containing added fruit or cocoa",Other agricultural commodities,2. Agriculture,0403
0404,"Whey and other products consisting of natural milk constituents, whether or not concentrated or sweetened, nesoi",Other agricultural commodities,2. Agriculture,0404
0405,Butter and other fats and oilsderived from milk,Other agricultural commodities,2. Agriculture,0405
0406,C h eese   and  curd,Other agricultural commodities,2. Agriculture,0406
0407,"Birds' eggs, in she, ll  fresh, preserved or cooked",Other agricultural commodities,2. Agriculture,0407
0408,"Birds' eggs, not in shell and egg yolks, fresh, dried, cooked by steam etc., molded. frozen or otherwise preserved, sweetened or not",Other agricultural commodities,2. Agriculture,0408
0409,"Honey,     natural",Other agricultural commodities,2. Agriculture,0409
0410,"Edible products of animal origin, nesoi",Other agricultural commodities,2. Agriculture,0410
0501,"Human ha,ir  unworked, whether or not washed or scoured; waste of human hair",Other agricultural commodities,2. Agriculture,0501
0502,"Pig,s'    hogs' or boars' bristles and hair; badger and other brushmaking hair; waste of such bristles or hair",Other agricultural commodities,2. Agriculture,0502
0504,"Animal guts, bladders and stomachs (other than fish), whole and pieces there,of  fresh, chille, d  frozen, salted, in brin, e
dried or smoked",Other agricultural commodities,2. Agriculture,0504
0505,"Bird skins and other feathered partsof bird, s  feathers and partsof feathers and dow, n  not  further worked than cleaned etc.",Other agricultural commodities,2. Agriculture,0505
0506,"Bones and horn-cores, unworked, defatte, d  simply prepared (not cut to shape), treated with acid etc.; powder and waste of
these products",Other agricultural commodities,2. Agriculture,0506
0507,"Ivor,y    tortoise   -she ll,  whalebone and whalebone hair, hor,ns hoov,es claws et,c.  unworked or simply prepared, not cut to
shape",Other agricultural commodities,2. Agriculture,0507
0510,"Ambergris, castoreum, civet and musk; cantharides; bile; glandsand other animal products for use in pharmaceutical produc,ts  fres, h  frozen, etc.",Other agricultural commodities,2. Agriculture,0510
0601,"Bulbs, tubers, tuberous roots, corms et,c.  dormant, in growth or in flower; chicory plants and roots for planting",Other agricultural commodities,2. Agriculture,0601
0602,"Li ve  plants nesoi (including their roots), cuttings and slips; mushroom spawn",Other agricultural commodities,2. Agriculture,0602
0603,"Cu t flowers and buds suitable for bouquets or ornamental purposes, fresh, drie, d  dye, d  bleached, impregnated or otherwise
prepared",Other agricultural commodities,2. Agriculture,0603
0604,"Foliage, branches, grass,es  mosses etc. (no flowers or bud,s)  for bouquets or ornamental purpos,es  fres, h  drie, d  dye, d
bleached etc.",Other agricultural commodities,2. Agriculture,0604
0701,"Potatoes (other than sweet potatoes), fresh or chilled",Other agricultural commodities,2. Agriculture,0701
0702,"Tomatoes, fresh or chilled",Other agricultural commodities,2. Agriculture,0702
0703,"Onions, shallots, garlic, leeks and other alliaceous vegetables, fresh or chilled",Other agricultural commodities,2. Agriculture,0703
0704,"Cabbages, cauliflower, kohlrabi, kale and similar edible brassicas, fresh or chilled",Other agricultural commodities,2. Agriculture,0704
0705,"Lettuce (lactuca sativa) and chicory (cichorium spp.), fresh or chilled",Other agricultural commodities,2. Agriculture,0705
0706,"Carrots, turnips, salad beets, salsify, radishes and similar edible roots, fresh or chilled",Other agricultural commodities,2. Agriculture,0706
0707,"Cucumbers and gherkins, fresh or chilled",Other agricultural commodities,2. Agriculture,0707
0708,"Leguminous vegetables, shelled or unshelled, fresh or chilled",Other agricultural commodities,2. Agriculture,0708
0709,"Vegetables nesoi, fresh or chilled",Other agricultural commodities,2. Agriculture,0709
0710,"Vegetables (uncooked or cooked by steam or boiling water), frozen",Other agricultural commodities,2. Agriculture,0710
0711,"Vegetables provisionally preserved (by sulfur dioxide gas, in brine etc.), but unsuitable in that state for immediate consumption",Other agricultural commodities,2. Agriculture,0711
0712,"Vegetables, dried, whole, cut, sliced, broken or in powder, but not further prepared",Other agricultural commodities,2. Agriculture,0712
0713,"Leguminous vegetables, dried shelled",Other agricultural commodities,2. Agriculture,0713
0714,"Cassava (manioc), arrowroot, salep, jerusalem artichokes, sweet potatoes and similar roots etc. (high starch etc. content), fresh or dried; sago pith",Other agricultural commodities,2. Agriculture,0714
0801,"Coconuts, brazil nuts and cashew nuts, fresh or dried",Other agricultural commodities,2. Agriculture,0801
0802,"Nuts nesoi, fresh or dried",Other agricultural commodities,2. Agriculture,0802
0803,"Bananas, including plantains, fresh or dried",Other agricultural commodities,2. Agriculture,0803
0804,"Dates, figs, pineapples, avocados, guavas, mangoes and mangosteens, fresh or dried",Other agricultural commodities,2. Agriculture,0804
0805,"Citrus fruit, fresh or dried",Other agricultural commodities,2. Agriculture,0805
0806,"Grapes, fresh or dried",Other agricultural commodities,2. Agriculture,0806
0807,"Melons (including watermelons) and papayas (papaws), fresh",Other agricultural commodities,2. Agriculture,0807
0808,"Apples, pears and quinces, fresh",Other agricultural commodities,2. Agriculture,0808
0809,"Apricots, cherries, peaches (including nectarines), plums (including prune plums) and sloes, fresh",Other agricultural commodities,2. Agriculture,0809
0810,"Fruit nesoi, fresh",Other agricultural commodities,2. Agriculture,0810
0811,"Fruit and nuts (uncooked or cooked by steam or boiling water), whether not sweetened, frozen",Other agricultural commodities,2. Agriculture,0811
0812,"Fruit and nuts provisionally preserved (by sulfur dioxide gas, in brine etc.), but unsuitable in that state for immediate consumption",Other agricultural commodities,2. Agriculture,0812
0813,"Fruit, dried, nesoi (other than those of headings 0801 to 0806); mixtures of nuts or dried fruits of this chapter",Other agricultural commodities,2. Agriculture,0813
0814,"Peel of citrus fruit or melons (including watermelons), fresh, frozen, dried or provisionally preserved",Other agricultural commodities,2. Agriculture,0814
0901,"Coffee, whether or not roasted or decaffeinated; coffee husks and skins; coffee substitutes containing coffee",Other agricultural commodities,2. Agriculture,0901
0902,"Tea, whether or not flavored",Other agricultural commodities,2. Agriculture,0902
0903,Mate,Other agricultural commodities,2. Agriculture,0903
0904,"Pepper of the genus piper; fruits of the genus capsicum (peppers) or of the genus pimenta, dried, crushed or ground",Other agricultural commodities,2. Agriculture,0904
0905,Vanilla,Other agricultural commodities,2. Agriculture,0905
0906,Cinnamon and cinnamon-tree flowers,Other agricultural commodities,2. Agriculture,0906
0907,"Cloves (whole fruit, cloves and stems)",Other agricultural commodities,2. Agriculture,0907
0908,"Nutmeg, mace and cardamons",Other agricultural commodities,2. Agriculture,0908
0909,"Seeds of anise, badian, fennel, coriander, cumin or caraway; juniper berries",Other agricultural commodities,2. Agriculture,0909
0910,"Ginger, saffron, tumeric (curcuma), thyme, bay leaves, curry and other spices",Other agricultural commodities,2. Agriculture,0910
1001,Wheat and meslin,Cereals,2. Agriculture,1001
1002,Rye,Other agricultural commodities,2. Agriculture,1002
1003,Barley,Cereals,2. Agriculture,1003
1004,Oa ts,Cereals,2. Agriculture,1004
1005,Com(maize),Cereals,2. Agriculture,1005
1006,Ri ce,Cereals,2. Agriculture,1006
1007,Grain sorghum,Cereals,2. Agriculture,1007
1008,"Buckwheat,     millet and canary seeds; other cereals (including wild rice)",Cereals,2. Agriculture,1008
1101,Wheat or meslin flour,Cereals,2. Agriculture,1101
1102,Cereal flours other than of wheat or meslin,Cereals,2. Agriculture,1102
1103,"Cereal groats, meal andpellets",Cereals,2. Agriculture,1103
1104,"Cereal grains, otherwise worked (hulle, d  rolled etc.), except rice (heading 1006);germ of cereals, who,le  rolled, flaked or ground",Cereals,2. Agriculture,1104
1105,"Flour  , meal flakes, granules and pellets of potatoes",Cereals,2. Agriculture,1105
1106,"Flour and meal of dried leguminous vegetables (hd. 0713),of  sago orr oots etc. (hd. 0714);flou, r  meal and powder of fruit and nutsetc. (ch. 8)",Cereals,2. Agriculture,1106
1107,"Ma,l t   whether or not roasted",Cereals,2. Agriculture,1107
1108,S tarches  ; inulin,Cereals,2. Agriculture,1108
1109,"Wheat gluten, whether or not dried",Cereals,2. Agriculture,1109
1201,"Soybeans    , whether or not broken",Oilseeds,2. Agriculture,1201
1202,"Peanuts (ground-nuts), not roasted or otherwise cooked, whether or not shelled or broken",Other agricultural commodities,2. Agriculture,1202
1203,Copra,Other agricultural commodities,2. Agriculture,1203
1204,"Flaxseed (linseed), whether or not broken",Other agricultural commodities,2. Agriculture,1204
1205,"Rape or colza seeds, whether or not broken",Other agricultural commodities,2. Agriculture,1205
1206,"Sunflower seeds, whether or not broken",Other agricultural commodities,2. Agriculture,1206
1207,"Oil seeds and oleaginous fruits nesoi, whether or not broken",Other agricultural commodities,2. Agriculture,1207
1208,"Flours and meals of oil seeds or oleaginous fruits, other than those of mustard",Other agricultural commodities,2. Agriculture,1208
1209,"Seeds, fruit and spores, of a kind used for sowing",Other agricultural commodities,2. Agriculture,1209
1210,"Hop cones, fresh or dried, whether or not ground, powdered or in the form of pellets; lupulin",Other agricultural commodities,2. Agriculture,1210
1211,"Plants and parts of plants (including seeds and fruits), used in perfumery, pharmacy, or for insecticidal or similar purposes, fresh or dried",Other agricultural commodities,2. Agriculture,1211
1212,"Locust beans, seaweeds etc., sugar beet and sugar cane; fruit stones and kernels and other vegetable products used for human consumption, nesoi",Other agricultural commodities,2. Agriculture,1212
1213,"Cereal straw and husks, unprepared, whether or not chopped, ground, pressed or in the form of pellets",Other agricultural commodities,2. Agriculture,1213
1214,"Rutabagas (swedes), mangolds, hay, alfalfa (lucerne), clover, forage kale, lupines and similar forage products, whether or not in the form of pellets",Other agricultural commodities,2. Agriculture,1214
1301,"Lac; natural gums, resins, gum-resins and balsams",Other agricultural commodities,2. Agriculture,1301
1302,"Vegetable saps and extracts; pectic substances, pectinates and pectates; agar-agar and other mucilages and thickeners, derived from vegetable products",Other agricultural commodities,2. Agriculture,1302
1401,"Vegetable materials used primarily for plaiting, including bamboos, rattans, reeds, rushes, osier, raffia, processed cereal straw and lime bark",Other agricultural commodities,2. Agriculture,1401
1404,"Vegetable products, nesoi",Other agricultural commodities,2. Agriculture,1404
1501,"Pig fat (including lard) and poultry fat, other than of heading 0209 or 1503",Other agricultural commodities,2. Agriculture,1501
1502,"Fats of bovine animals, sheep or goats, other than those of heading 1503",Other agricultural commodities,2. Agriculture,1502
1503,"Lard stearin, lard oil, oleostearin, oleo-oil and tallow oil, not emulsified or mixed or otherwise prepared",Other agricultural commodities,2. Agriculture,1503
1505,"Wool grease and fatty substances derived therefrom, including lanolin",Other agricultural commodities,2. Agriculture,1505
1506,"Animal fats and oils and their fractions, nesoi, whether or not refined, but not chemically modified",Other agricultural commodities,2. Agriculture,1506
1507,"Soybean oil and its fractions, whether or not refined, but not chemically modified",Other agricultural commodities,2. Agriculture,1507
1508,"Peanut (ground-nut) oil and its fractions, whether or not refined, but not chemically modified",Other agricultural commodities,2. Agriculture,1508
1509,"Olive oil and its fractions, whether or not refined, but not chemically modified",Other agricultural commodities,2. Agriculture,1509
1510,"Olive-residue oil and blends of olive oil and oil-residue oil, not chemically modified",Other agricultural commodities,2. Agriculture,1510
1511,"Palm oil and its fractions, whether or not refined, but not chemically modified",Other agricultural commodities,2. Agriculture,1511
1512,"Sunflower-seed, safflower or cottonseed oil, and their fractions, whether or not refined, but not chemically modified",Other agricultural commodities,2. Agriculture,1512
1513,"Coconut (copra), palm kernel or babassu oil and their fractions, whether or not refined, but not chemically modified",Other agricultural commodities,2. Agriculture,1513
1514,"Rapeseed, colza or mustard oil and their fractions, whether or not refined, but not chemically modified",Other agricultural commodities,2. Agriculture,1514
1515,"Fixed vegetable fats and oils (including jojoba oil) and their fractions, whether or not refined, but not chemically modified",Other agricultural commodities,2. Agriculture,1515
1516,"Animal or vegetable fats and oils and their fractions, partly or wholly hydrogenated etc., whether or not refined, but not further prepared",Other agricultural commodities,2. Agriculture,1516
1517,Margarine; edible mixtures or preparations of animal or vegetable fats or oils or of fractions of different specified fats and oils,Other agricultural commodities,2. Agriculture,1517
1518,"Animal or vegetable fats, oils and their fractions, boiled, oxidized, etc.; inedible mixes or preparations of animal or vegetable fats and oils, nesoi",Other agricultural commodities,2. Agriculture,1518
1520,"Glycerol (glycerine), whether or not pure; glycerol waters and glycerol lyes",Other agricultural commodities,2. Agriculture,1520
1521,"Vegetable waxes (other than triglycerides), beeswax, other insect waxes and spermaceti, whether or not refined or colored",Other agricultural commodities,2. Agriculture,1521
1522,Degras; residues resulting from the treatment of fatty substances or animal or vegetable waxes,Other agricultural commodities,2. Agriculture,1522
1601,"Sausages and similar products, of meat, meat offalor blood; food preparations based on these products",Meat,2. Agriculture,1601
1602,"Other prepared or preserved meat, meat offal or blood",Meat,2. Agriculture,1602
1603,"Extra  c ts  and   juices of meat (not related to fish or crustaceans,molluscs or other aquatic invertebrates)",Meat,2. Agriculture,1603
1604,Prepared or preserved fish; caviar and caviar substitutes prepared from fish eggs,Seafood,2. Agriculture,1604
1605,"Crustaceans, molluscs and other aquatic invertebrates, preparedor preserved",Seafood,2. Agriculture,1605
1701,"Cane or beet sugar and chemically pure sucrose, in solid form",Other agricultural commodities,2. Agriculture,1701
1702,"Sugars nesoi, including chemically pure lactose, maltose, glucose and fructose in solid form; sugar syrups (plain); artificial honey; caramel",Other agricultural commodities,2. Agriculture,1702
1703,Molasses resulting from the extraction or refining of sugar,Other agricultural commodities,2. Agriculture,1703
1704,"Sugar confectionary (including white chocolate), not containing cocoa",Other agricultural commodities,2. Agriculture,1704
1801,"Cocoa beans, whole or broken, raw or roasted",Other agricultural commodities,2. Agriculture,1801
1802,"Cocoa shells, husks, skins and other cocoa waste",Other agricultural commodities,2. Agriculture,1802
1803,"Cocoa paste, whether or not defatted",Other agricultural commodities,2. Agriculture,1803
1804,"Cocoa butter, fat and oil",Other agricultural commodities,2. Agriculture,1804
1805,"Cocoa powder, not containing added sugar or other sweetening matter",Other agricultural commodities,2. Agriculture,1805
1806,Chocolate and other food preparations containing cocoa,Other agricultural commodities,2. Agriculture,1806
1901,"Malt extract; food preparations of flour, meal etc. containing under 40% cocoa nesoi; food preparations of milk etc. containing under 50% cocoa nesoi",Other agricultural commodities,2. Agriculture,1901
1902,"Pasta, whether or not cooked or stuffed or otherwise prepared, including spaghetti, lasagna, noodles etc.; couscous, whether or not prepared",Other agricultural commodities,2. Agriculture,1902
1903,"Tapioca and substitutes therefor prepared from starch, in the form of flakes, grains, pearls, siftings or similar forms",Other agricultural commodities,2. Agriculture,1903
1904,"Prepared foods from swelling or roasting cereals or products; cereals (excluding corn), in grain form flakes or worked grain prepared nesoi",Other agricultural commodities,2. Agriculture,1904
1905,"Bread, pastry, cakes, biscuits and other bakers' wares; communion wafers, empty capsules for medicine etc., sealing wafers, rice paper etc.",Other agricultural commodities,2. Agriculture,1905
2001,"Vegetables, fruit, nuts and other edible parts of plants, prepared or preserved by vinegar or acetic acid",Other agricultural commodities,2. Agriculture,2001
2002,Tomatoes prepared or preserved otherwise than by vinegar or acetic acid,Other agricultural commodities,2. Agriculture,2002
2003,"Mushrooms and truffles, prepared or preserved otherwise than by vinegar or acetic acid",Other agricultural commodities,2. Agriculture,2003
2004,"Vegetables, other than tomatoes, mushrooms and truffles, prepared or preserved otherwise than by vinegar or acetic acid, frozen, excluding products of 2006",Other agricultural commodities,2. Agriculture,2004
2005,"Vegetables, other than tomatoes, mushrooms and truffles, prepared or preserved otherwise than by vinegar or acetic acid, not frozen excluding products of 2006",Other agricultural commodities,2. Agriculture,2005
2006,"Vegetables, fruit, nuts, fruit-peel and other parts of plants preserved by sugar (drained, glace or crystallized)",Other agricultural commodities,2. Agriculture,2006
2007,"Jams, fruit jellies, marmalades, fruit or nut puree and fruit or nut pastes, being cooked preparations, whether or not containing added sweetening",Other agricultural commodities,2. Agriculture,2007
2008,"Fruit, nuts and other edible parts of plants, otherwise prepared or preserved, whether or not containing added sweetening or spirit, nesoi",Other agricultural commodities,2. Agriculture,2008
2009,"Fruit juices not fortified with vitamins or minerals (including grape must) & vegetable juices, unfermented & not containing added spirit, whether or not containing added sweetening",Other agricultural commodities,2. Agriculture,2009
2101,"Extracts, essences and concentrates of coffee, tea or mate and preparations thereof; roasted chicory etc. and its extracts, essences and concentrates",Other agricultural commodities,2. Agriculture,2101
2102,"Yeasts; other single-cell micro-organisms, dead (other than medicinal vaccines of heading 3002); prepared baking powders",Other agricultural commodities,2. Agriculture,2102
2103,Sauces and preparations therefor; mixed condiments and mixed seasonings; mustard flour and meal and prepared mustard,Other agricultural commodities,2. Agriculture,2103
2104,Soups and broths and preparations therefor; homogenized composite food preparations,Other agricultural commodities,2. Agriculture,2104
2105,"Ice cream and other edible ice, whether or not containing cocoa",Other agricultural commodities,2. Agriculture,2105
2106,Food preparations not elsewhere specified or included,Other agricultural commodities,2. Agriculture,2106
2201,"Water,s    including natural or artificial mineral waters and aerated waters, not containing added sugar or other sweetening matter nor flavored; ice and snow",Other manufactured goods,1. Manufactured Goods,2201
2202,"Wate,rs including mineral waters and aerated waters, containing added sugar or other sweetening matter or flavored; and other nonalcoholic beverag,es not including fruit or vegetable juices of heading 2009",Other manufactured goods,1. Manufactured Goods,2202
2203,Beer made from malt,Other agricultural commodities,2. Agriculture,2203
2204,"Wine of fresh grapes, including fortified wines; grape must other than that of heading 2009",Other agricultural commodities,2. Agriculture,2204
2205,Vermouth and other wine of fresh grapes flavored with plants or aromatic substances,Other agricultural commodities,2. Agriculture,2205
2206,"Other fermented beverages (for example, cider, perry, mead, sak√®); mixtures of fermented beverages and mixtures of fermented beverages and non-alcoholic beverages, not elsewhere specified or included",Other agricultural commodities,2. Agriculture,2206
2207,"Undenatured ethyl alcohol of an alcoholic strength by volume of 80 percent vol. or higher; ethyl alcohol and other spirits, denatured, of any strength",Other agricultural commodities,2. Agriculture,2207
2208,"Undenatured ethyl alcohol of an alcoholic strength by volume of less than 80 percent vol.; spirits, liqueurs and other spirituous beverages",Other agricultural commodities,2. Agriculture,2208
2209,Vinegar and substitutes for vinegar obtained from acetic acid,Other agricultural commodities,2. Agriculture,2209
2301,"Flours, meals and pellets, of meat or meat offal, of fish or of crustaceans, mollusks or other aquatic invertebrates, unfit for human consumption; greaves (cracklings)",Other agricultural commodities,2. Agriculture,2301
2302,"Bran, sharps and other residues (in pellets or not), derived from the sifting, milling or other working of cereals or leguminous plants",Other agricultural commodities,2. Agriculture,2302
2303,"Residues of starch manufacture and other residues and waste of sugar manufacture, brewing or distilling dregs and waste, whether or not in pellets",Other agricultural commodities,2. Agriculture,2303
2304,"Soybean oilcake and other solid residues resulting from the extraction of soy bean oil, whether or not ground or in the form of pellets",Other agricultural commodities,2. Agriculture,2304
2305,"Peanut (ground-nut) oilcake and other solid residues resulting from the extraction of peanut (ground-nut) oil, whether or not ground or in pellets",Other agricultural commodities,2. Agriculture,2305
2306,"Oilcake and other solid residues (in pellets or not), resulting from the extraction of vegetable fats or oils (except from soybeans or peanuts), nesoi",Other agricultural commodities,2. Agriculture,2306
2307,Wine lees; argol,Other agricultural commodities,2. Agriculture,2307
2308,"Vegetable materials and waste, vegetable residues and by-products (in pellets or not), used in animal feeding, nesoi",Other agricultural commodities,2. Agriculture,2308
2309,Preparations of a kind used in animal feeding,Other agricultural commodities,2. Agriculture,2309
2401,"Tobacco, unmanufactured (whether or not threshed or similarly processed); tobacco refuse",Other agricultural commodities,2. Agriculture,2401
2402,"Cigars, cheroots, cigarillos and cigarettes, of tobacco or of tobacco substitutes",Other agricultural commodities,2. Agriculture,2402
2403,"Tobacco and tobacco substitute manufactur,es  nesoi; homogenized or reconstituted tobacco; tobacco extracts and essences",Other agricultural commodities,2. Agriculture,2403
2701,"Coal; briquett,es  ovoids and similar solid fuels manufactured from coal",Coal,3. Energy,2701
2709,"Petroleum oils and oilsobtained from bituminous minerals, crude",Crude oil,3. Energy,2709
271012250,"Naphtha (Excluding Motor Fue,l)  blend Stock not containing biodiesel",Refined products,3. Energy,2710
271111,Liquefied natural gas,Liquefied natural gas,3. Energy,2711
271112,Liquefied propane,Refined products,3. Energy,2711
271113,Liquefied butane,Refined products,3. Energy,2711
27111990,Other unlisted liquefied petroleum gases and gaseous hydrocarbons,Refined products,3. Energy,2711
271311,U n ca lc ined   petroleum coke,Refined products,3. Energy,2713
271312,Calcined petroleum coke,Refined products,3. Energy,2713
2801,"Fluori,ne chlori,ne bromine and iodine",Other manufactured goods,1. Manufactured Goods,2801
2802,"Sulf,ur  sublimed or precipitated; colloidal sulfur",Other manufactured goods,1. Manufactured Goods,2802
2803,Carbon (carbon blacks and other forms of carbon not elsewhere specified or included),Other manufactured goods,1. Manufactured Goods,2803
2804,"Hydrogen,rare gases and other nonmetals (including solar-grade polysilicon)",Other manufactured goods,1. Manufactured Goods,2804
2805,"Alkali or alkaline-earth metals; rare-earth metals, scandium and yttriu,m whether or not intermixed or interalloyed;
mercury",Other manufactured goods,1. Manufactured Goods,2805
2806,Hydrogenchloride (Hydrochloric acid); chlorosulfuricacid,Other manufactured goods,1. Manufactured Goods,2806
2807,Sulfuric acid; oleum,Other manufactured goods,1. Manufactured Goods,2807
2808,Nitric acid; sulfonitric acids,Other manufactured goods,1. Manufactured Goods,2808
2809,"Diphosphorus pentaoxide; phosphoric acid;polyphosphoric acid, s  whether or not chemically defined",Other manufactured goods,1. Manufactured Goods,2809
2810,Oxides of boron; boric acids,Other manufactured goods,1. Manufactured Goods,2810
2811,Other inorganic acids and other inorganic oxygen compounds of nonmetals,Other manufactured goods,1. Manufactured Goods,2811
2812,Halides and halide oxides of nonmetals,Other manufactured goods,1. Manufactured Goods,2812
2813,Sulfides of nonmetals; commercial phosphorus trisulfide,Other manufactured goods,1. Manufactured Goods,2813
2814,"Ammon,ia  anhydrous or in aqueous solution",Other manufactured goods,1. Manufactured Goods,2814
2815,Sodium hydroxide(Caustic soda); potassium hydroxide (Caustic potash); peroxides of sodium or potassium,Other manufactured goods,1. Manufactured Goods,2815
2816,"Hydroxide and peroxide of magnesium; oxides, hydroxides and peroxid,es  of strontium or barium",Other manufactured goods,1. Manufactured Goods,2816
2817,Zinc oxide; zinc peroxide,Other manufactured goods,1. Manufactured Goods,2817
2818,Artificial corundum; whether or not chemically defined; aluminum oxide; aluminum hydroxide,Other manufactured goods,1. Manufactured Goods,2818
2819,Chromium oxides and hydroxides,Other manufactured goods,1. Manufactured Goods,2819
2820,Manganese oxides,Other manufactured goods,1. Manufactured Goods,2820
2821,Iron oxides and hydroxides; earthcolors containing 70 percent or more by weight of combined iron evaluated as Fe2O3,Other manufactured goods,1. Manufactured Goods,2821
2822,Cobalt oxides and hydroxides; commercial cobalt oxides,Other manufactured goods,1. Manufactured Goods,2822
2823,Titanium oxides,Other manufactured goods,1. Manufactured Goods,2823
2824,Lead oxides; red lead and orange lead,Other manufactured goods,1. Manufactured Goods,2824
2825,"Hydrazine and hydroxylarnine and their inorganic salts; other inorganic bases; other metal oxides, hydroxides and
peroxides",Other manufactured goods,1. Manufactured Goods,2825
2826,"Fluorides; fluorosilicates, fluoroaluminatesand other complex fluorine salts",Other manufactured goods,1. Manufactured Goods,2826
2827,"Chlorides, chloride oxides and chloride hydroxides; bromides and bromide oxides; iodides and iodide oxides",Other manufactured goods,1. Manufactured Goods,2827
2828,Hypochlorites; commercial calcium hypochlorite; chlorites; hypobromites,Other manufactured goods,1. Manufactured Goods,2828
2829,Chlorates and perchlorates; bromates and perbromates; iodates and periodates,Other manufactured goods,1. Manufactured Goods,2829
2830,"Sulfides; polysulfides, whether or not chemically defined",Other manufactured goods,1. Manufactured Goods,2830
2831,Dithionites and sulfoxylates,Other manufactured goods,1. Manufactured Goods,2831
2832,Sulfites; thiosulfates,Other manufactured goods,1. Manufactured Goods,2832
2833,Sulfates; alums; peroxosulfates (persulfates),Other manufactured goods,1. Manufactured Goods,2833
2834,Nitrites; nitrates,Other manufactured goods,1. Manufactured Goods,2834
2835,"Phosphinates (hypophosphites), phosphonates (phosphites) and phosphates; polyphosphates, whether or not chemically defined",Other manufactured goods,1. Manufactured Goods,2835
2836,Carbonates; peroxocarbonates (percarbonates); commercial ammonium carbonate containing ammonium carbamate,Other manufactured goods,1. Manufactured Goods,2836
2837,"Cyanides, cyanide oxides and complex cyanides",Other manufactured goods,1. Manufactured Goods,2837
2839,Silicates; commercial alkali metal silicates,Other manufactured goods,1. Manufactured Goods,2839
2840,Borates; peroxoborates (perborates),Other manufactured goods,1. Manufactured Goods,2840
2841,Salts of oxometallic or peroxometallic acids,Other manufactured goods,1. Manufactured Goods,2841
2842,"Other salts of inorganic acids or peroxoacids (including aluminosilicates whether or not chemically defined), other than azides",Other manufactured goods,1. Manufactured Goods,2842
2843,"Colloidal precious metals; inorganic or organic compounds of precious metals, whether or not chemically defined; amalgams of precious metals",Other manufactured goods,1. Manufactured Goods,2843
2844,Radioactive chemical elements and radioactive isotopes (including the fissile or fertile chemical elements and isotopes) and their compounds; mixtures and residues containing these products,Other manufactured goods,1. Manufactured Goods,2844
2845,"Isotopes other than those of heading 2844; compounds, inorganic or organic, of such isotopes, whether or not chemically defined",Other manufactured goods,1. Manufactured Goods,2845
2846,"Compounds, inorganic or organic, of rare-earth metals, of yttrium or of scandium, or of mixtures of these metals",Other manufactured goods,1. Manufactured Goods,2846
2847,"Hydrogen peroxide, whether or not solidified with urea",Other manufactured goods,1. Manufactured Goods,2847
2848,"Phosphides, whether or not chemically defined, does not include ferrophosphorus",Other manufactured goods,1. Manufactured Goods,2848
2849,"Carbides, whether or not chemically defined",Other manufactured goods,1. Manufactured Goods,2849
2850,"Hydrides, nitrides, azides, silicides and borides, whether or not chemically defined, other than compounds which are also carbides of heading 2849",Other manufactured goods,1. Manufactured Goods,2850
2852,"Inorganic or organic compounds of mercury, whether or not chemically defined, excluding amalgams",Other manufactured goods,1. Manufactured Goods,2852
2853,"Other inorganic compounds (including distilled or conductivity water and water of similar purity); liquid air (whether or not rare gases have been removed); compressed air; amalgams, other than amalgams of precious metals",Other manufactured goods,1. Manufactured Goods,2853
2901,Acyclic hydrocarbons,Other manufactured goods,1. Manufactured Goods,2901
2902,Cyclic hydrocarbons,Other manufactured goods,1. Manufactured Goods,2902
2903,Halogenated derivatives of hydrocarbons,Other manufactured goods,1. Manufactured Goods,2903
2904,"Sulfonated, nitrated or nitrosated derivatives of hydrocarbons, whether or not halogenated",Other manufactured goods,1. Manufactured Goods,2904
2905,"Acyclic alcohols and their halogenated, sulfonated, nitrated or nitrosated derivatives (excluding methanol, mannitol, and sorbitol)",Other manufactured goods,1. Manufactured Goods,2905
290511,Me thanol,Refined products,3. Energy,2905
2906,"Cyclic alcohols and their halogenated, sulfonated, nitrated or nitrosated derivatives",Other manufactured goods,1. Manufactured Goods,2906
2907,Phenols; phenol-alcohols,Other manufactured goods,1. Manufactured Goods,2907
2908,"Halogenated, sulfonated, nitrated or nitrosated derivatives of phenols or phenol-alcohols",Other manufactured goods,1. Manufactured Goods,2908
2909,"Ethers, ether-alcohols, ether-phenols, ether-alcohol- phenols, alcohol peroxides, ether peroxides, ketone peroxides (whether or not chemically defined), and their halogenated, sulfonated, nitrated or nitrosated derivatives",Other manufactured goods,1. Manufactured Goods,2909
2910,"Epoxides, epoxyalcohols, epoxyphenols and epoxyethers, with a three-membered ring, and their halogenated, sulfonated, nitrated or nitrosated derivatives",Other manufactured goods,1. Manufactured Goods,2910
2911,"Acetals and hemiacetals, whether or not with other oxygen function, and their halogenated, sulfonated, nitrated or nitrosated derivatives",Other manufactured goods,1. Manufactured Goods,2911
2912,"Aldehydes, whether or not with other oxygen function; cyclic polymers of aldehydes; paraformaldehyde",Other manufactured goods,1. Manufactured Goods,2912
2913,"Halogenated, sulfonated, nitrated or nitrosated derivatives of products of heading 2912",Other manufactured goods,1. Manufactured Goods,2913
2914,"Ketones and quinones, whether or not with other oxygen function, and their halogenated, sulfonated, nitrated, or nitrosated derivatives",Other manufactured goods,1. Manufactured Goods,2914
2915,"Saturated acyclic monocarboxylic acids and their anhydrides, halides, peroxides and peroxyacids; their halogenated, sulfonated, nitrated or nitrosated derivatives",Other manufactured goods,1. Manufactured Goods,2915
2916,"Unsaturated acyclic monocarboxylic acids, cyclic monocarboxylic acids, their anhydrides, halides, peroxides and peroxyacids; their halogenated, sulfonated, nitrated or nitrosated derivatives",Other manufactured goods,1. Manufactured Goods,2916
2917,"Polycarboxylic acids, their anhydrides, halides, peroxides and peroxyacids; their halogenated, sulfonated, nitrated or nitrosated derivatives",Other manufactured goods,1. Manufactured Goods,2917
2918,"Carboxylic acids with additional oxygen function and their anhydrides, halides, peroxides and peroxyacids; their halogenated, sulfonated, nitrated or nitrosated derivatives",Other manufactured goods,1. Manufactured Goods,2918
2919,"Phosphoric esters and their salts, including lactophosphates; their halogenated, sulfonated, nitrated or nitrosated derivatives",Other manufactured goods,1. Manufactured Goods,2919
2920,"Esters of other inorganic acids of nonmetals (excluding esters of hydrogen halides) and their salts; their halogenated, sulfonated, nitrated or nitrosated derivatives",Other manufactured goods,1. Manufactured Goods,2920
2921,Amine-function compounds,Other manufactured goods,1. Manufactured Goods,2921
2922,Oxygen-function amino-compounds,Other manufactured goods,1. Manufactured Goods,2922
2923,"Quaternary ammonium salts and hydroxides; lecithins and other phosphoaminolipids, whether or not chemically defined",Other manufactured goods,1. Manufactured Goods,2923
2924,Carboxyamide-function compounds; amide-function compounds of carbonic acid,Other manufactured goods,1. Manufactured Goods,2924
2925,Carboxyimide-function compounds (including saccharin and its salts) and imine-function compounds,Other manufactured goods,1. Manufactured Goods,2925
2926,Nitrile-function compounds,Other manufactured goods,1. Manufactured Goods,2926
2927,"Diazo-, azo- or azoxy-compounds",Other manufactured goods,1. Manufactured Goods,2927
2928,Organic derivatives of hydrazine or of hydroxylamine,Other manufactured goods,1. Manufactured Goods,2928
2929,Compounds with other nitrogen function,Other manufactured goods,1. Manufactured Goods,2929
2930,Organo-sulfur compounds,Other manufactured goods,1. Manufactured Goods,2930
2931,Other organo-inorganic compounds,Other manufactured goods,1. Manufactured Goods,2931
2932,Heterocyclic compounds with oxygen hetero-atom(s) only,Other manufactured goods,1. Manufactured Goods,2932
2933,Heterocyclic compounds with nitrogen hetero-atom(s) only,Other manufactured goods,1. Manufactured Goods,2933
2934,"Nucleic acids and their salts, whether or not chemically defined; other heterocyclic compounds",Other manufactured goods,1. Manufactured Goods,2934
2935,Sulfonamides,Other manufactured goods,1. Manufactured Goods,2935
2936,"Provitamins and vitamins, natural or reproduced by synthesis (including natural concentrates), derivatives thereof used primarily as vitamins, and intermixtures of the foregoing, whether or not in any solvent",Other manufactured goods,1. Manufactured Goods,2936
2937,"Hormones, prostaglandins, thromboxanes and leukotrienes, natural or reproduced by synthesis; derivatives and structural analogues thereof, including chain modified polypeptides, used primarily as hormones",Other manufactured goods,1. Manufactured Goods,2937
2938,"Glycosides, natural or reproduced by synthesis, and their salts, ethers, esters and other derivatives",Other manufactured goods,1. Manufactured Goods,2938
2939,"Alkaloids, natural or reproduced by synthesis, and their salts, ethers, esters and other derivatives",Other manufactured goods,1. Manufactured Goods,2939
2940,"Sugars, chemically pure, other than sucrose, lactose, maltose, glucose and fructose; sugar ethers, sugar acetals and sugar esters, and their salts, other than products of heading 2937, 2938 or 2939",Other manufactured goods,1. Manufactured Goods,2940
2941,Antibiotics,Other manufactured goods,1. Manufactured Goods,2941
2942,Other organic compounds,Other manufactured goods,1. Manufactured Goods,2942
3001,"Glands and other organs for organotherapeuticuses, dried. whetheror not powdered; extracts of glands or other organs or of their secretions for organotherapeutic uses; heparin and its salts; other human or animal substances prepared for
therapeutic or prophylactic uses, not elsewhere specified or included",Pharmaceutical products,1. Manufactured Goods,3001
3002,"Human blood; animal blood prepared for therapeut,ic prophylactic or diagnostic uses; antise,ra  other blood fractions and
immunological produc,ts  whether or not modified or obtained by means of biotechnological processes; vaccines, toxi,ns cultures of micro-organisms (excluding yeasts) and similar products",Pharmaceutical products,1. Manufactured Goods,3002
3003,"Medicaments (excluding goods of heading 3002,3005 or  3006)consisting of two or more constituents which have been mixed together for therapeutic or prophylactic uses, not put up in measured doses or in forms or packings for retail sale",Pharmaceutical products,1. Manufactured Goods,3003
3004,"Medicaments (excluding goods of heading 3002,3005 or  3006)consisting of mixed or unmixed products for therapeutic or prophylactic uses, put up in measured doses (including those in the form oftransdermal administration systems) or in
forms or packings for retail sale",Pharmaceutical products,1. Manufactured Goods,3004
3005,"Wadding, gauze, bandages and similar articles (for examp,le  dressings, adhesive plasters, poultice,s)  impregnated or
coated with pharmaceuticalsubstances or put up in forms or packings for retail sale for medic,al surgical, dental or veterinary pmposes",Pharmaceutical products,1. Manufactured Goods,3005
3006,Ph armaceutical goods specified in note4 to this chapter,Pharmaceutical products,1. Manufactured Goods,3006
3301,"Essential oils, concentrates and absolutes; resinoid; extracted oleoresins; concentrations of essential oils and teipenic
byproducts; aqueous solutions etc. of essential oil",Other agricultural commodities,2. Agriculture,3301
3302,"Mixtures of odoriferous substances and mixtures (including alcoholic solutions) with a basis of one or moreof these
substances, of a kind used as raw materials in industry; other preparations based on odoriferous substances, of a kind used for the manufacture of beverages",Other agricultural commodities,2. Agriculture,3302
3303,Perfumes and toilet waters,Other manufactured goods,1. Manufactured Goods,3303
3304,"Beauty or make-up preparations and preparations for the care of the skin (other than medicaments), including sunscreen or sun tan preparations; manicure or pedicure preparations",Other manufactured goods,1. Manufactured Goods,3304
3305,Preparations for use on the hair,Other manufactured goods,1. Manufactured Goods,3305
3306,"Preparations for oral or dental hygiene, including denture fixative pastes and powders; yarn used to clean between the teeth (dental floss), in individual retail packages",Other manufactured goods,1. Manufactured Goods,3306
3307,"Pre-shave, shaving or after-shave preparations, personal deodorants, bath preparations, depilatories and other perfumery, cosmetic or toilet preparations, not elsewhere specified or included; prepared room deodorizers, whether or not perfumed or having disinfectant properties",Other manufactured goods,1. Manufactured Goods,3307
3501,"Casein, caseinates and other casein derivatives; casein glues",Other agricultural commodities,2. Agriculture,3501
3502,"Albumins (including concentrates with two or more whey proteins, containing by weight more than 80% whey proteins
calculated on dry matte,r)  albuminates & other albumin derivatives",Other agricultural commodities,2. Agriculture,3502
3503,Gelatin (including gelatin in rectangular or square sheets) and gelatin derivatives; isinglass; other glue of animal origin (except casein glue) nesoi,Other agricultural commodities,2. Agriculture,3503
3504,"Peptones and derivatives; other proteins and derivative, s  nesoi; hidepowder, chromed or not",Other agricultural commodities,2. Agriculture,3504
3505,"Dextrins and other modified starches; glues based on starches, or on dextrins or other modified starches",Other agricultural commodities,2. Agriculture,3505
3809,"Finishing agents, dye carriers and other preparations (dressing, s  mordants etc.) used in the textile, pap,er  leather or like
industries, nesoi",Other agricultural commodities,2. Agriculture,3809
4101,"Raw hides and skins of bovine or equine animals (fresh or preserve, d  but not tanned or further prepared), whether or not
dehaired or split",Other agricultural commodities,2. Agriculture,4101
4102,"Raw skins of sheep or lambs, other than astrakhan, broadta, il  caracul or similar skins (fresh or preserv,ed but not tanned or
further prepared)",Other agricultural commodities,2. Agriculture,4102
4103,"Raw hides and skins nesoi (fresh or preserv,ed but not tanned or further prepared), whether or not dehaired or split",Other agricultural commodities,2. Agriculture,4103
4301,"Raw furskins nesoi (other than raw hides and skins usually used for leather), including heads, tails and pieces or cuttings suitable for furriers' use",Other agricultural commodities,2. Agriculture,4301
4401,"Fuel wood, in logs, in billets, in twigs, in faggots or in similar forms; wood in chips or particles; sawdust and wood waste and scrap, whether or not agglomerated in logs, briquettes, pellets or similar forms",Other manufactured goods,1. Manufactured Goods,4401
4402,"Wood charcoal (including shell or nut charcoal), whether or not agglomerated",Other manufactured goods,1. Manufactured Goods,4402
4403,"Wood in the rough, whether or not stripped of bark or sap- wood, or roughly squared",Other manufactured goods,1. Manufactured Goods,4403
4404,"Hoopwood; split poles; piles, pickets and stakes of wood, pointed but not sawn lengthwise; wooden stick, s  roughly trimmed but not turned, bentor otherwise worked, suitable for the manufacture of walking-sticks, umbrellas, toolhandles
or the like; chiowood and the like",Other manufactured goods,1. Manufactured Goods,4404
4405,Wood wool (excelsior); wood flour,Other manufactured goods,1. Manufactured Goods,4405
4406,Rai lway   or  tramway sleepers (cross-ties) of wood,Other manufactured goods,1. Manufactured Goods,4406
4407,"Wood sawn or chipped lengthwi,se  sliced or peele, d  whether or not plane, d sanded or end-jointed, of a thickness exceeding 6 mm",Other manufactured goods,1. Manufactured Goods,4407
4408,"Sheets for veneering (including those obtained by slicing laminated wood), for plywood or for similar laminated wood and
other woo, d  sawn lengthwi,se  sliced or peeled, whether or not planed, sande, d  spliced or end-jointe, d  of a thickness not exceeding 6 mm",Other manufactured goods,1. Manufactured Goods,4408
4409,"Wood (including strips and friezes for parquet floorin, g  not assembled) continuously shaped (tongued, grooved, rebated,
chamfered, V-jointe, d  beade, d  molde, d  rounded or the like) along any of its edges, ends or faces, whether or not planed, sanded or end-jointed",Other manufactured goods,1. Manufactured Goods,4409
4410,"Particle board, oriented strand board (OSB) and similar board (for example, waferboard) of wood or other ligneous materials, whether or not agglomerated with resins or other organic binding substances",Other manufactured goods,1. Manufactured Goods,4410
4411,"Fiberboardof wood or other ligneous materials, whether or not bonded with resins or other organic substances",Other manufactured goods,1. Manufactured Goods,4411
4412,"Plywood, veneered panels and similar laminated wood",Other manufactured goods,1. Manufactured Goods,4412
4413,"Densified wood, in block, s  plat,es  strips or profile shapes",Other manufactured goods,1. Manufactured Goods,4413
4414,"Wooden frames for paintin,gs photograph, s  mirrors or similar objects",Other manufactured goods,1. Manufactured Goods,4414
4415,"Packing cases, boxes, crates, drums and similar packing, s  of wood; cable-drum, s  of wood; pallets, box-pallets and other
load boar,ds  of wood; pallet collars of wood",Other manufactured goods,1. Manufactured Goods,4415
4416,"Casks  , barrels  , va ts , tubs and other coopers' products and parts thereof, of woo, d  including staves",Other manufactured goods,1. Manufactured Goods,4416
4417,"Tool,s    tool bodi,es  tool handles, broom or brush bodies and handl,es  of wood; boot or shoe lasts and tre,es of wood",Other manufactured goods,1. Manufactured Goods,4417
4418,"Builders' joinery and carpentry of wood, including cellular wood panels and assembled flooring panels; shingles and
shakes",Other manufactured goods,1. Manufactured Goods,4418
4419,"Tableware and kitchenwa,re  of wood",Other manufactured goods,1. Manufactured Goods,4419
4420,"Wood marquetry and inlaid wood; caskets and cases for jewelry or cutlery and similar articl,es  of wood; statuettes and
other ornaments, of wood; wooden articles of furniture not falling within chapter 94",Other manufactured goods,1. Manufactured Goods,4420
4421,Other articles of wood,Other manufactured goods,1. Manufactured Goods,4421
4501,"Natural cork, raw or simply prepared; waste cork; crushed, granulated or ground cork",Other manufactured goods,1. Manufactured Goods,4501
4503,Articles of natural cork,Other manufactured goods,1. Manufactured Goods,4503
4504,Agg  lomera  ted  cork (with or without a bindingsubstance) and articles of agglomerated cork,Other manufactured goods,1. Manufactured Goods,4504
4601,"Plaits and similar products of plaiting materials, whether or not assembled into strips; plaiting materia,ls  plaits and similar
products of plaiting materia,ls bound together in parallel strands or woven, in sheet for,m  whether or not being finished articles (for examp,le  mats, matting, screens)",Other manufactured goods,1. Manufactured Goods,4601
4602,"Basketwork,     wickerwork and other articles, made directly to shape from plaiting materials or made up from articles of
heading4601;articles ofloofah",Other manufactured goods,1. Manufactured Goods,4602
5001,Silkworm cocoons suitable for reeling,Other agricultural commodities,2. Agriculture,5001
5002,Raw silk (not thrown),Other agricultural commodities,2. Agriculture,5002
5003,"Silk waste (including cocoons unsuitable for reeling, yam waste and garnetted stock)",Other agricultural commodities,2. Agriculture,5003
5101,"Wo,ol  not carded or combed",Other agricultural commodities,2. Agriculture,5101
5102,"Fine or coarse animal ha,ir  not carded or combed",Other agricultural commodities,2. Agriculture,5102
5103,"Waste of wool or of fine or coarse animal ha,ir  including yam waste but excluding garnetted stock",Other agricultural commodities,2. Agriculture,5103
5201,"Cotton, not carded or combed",Cotton,2. Agriculture,5201
5202,Cotton waste (including yarn waste and garnetted stock),Cotton,2. Agriculture,5202
5203,"Cotton, carded or combed",Cotton,2. Agriculture,5203
5301,"Flax, raw or processed but not spun; flax tow and waste (including yarn waste and garnetted stock)",Other agricultural commodities,2. Agriculture,5301
5302,"True hemp (cannabis saliva !,.)  raw or processed but not spun; tow and waste of true hemp (including yarn waste and
garnetted stock)",Other agricultural commodities,2. Agriculture,5302
7201,"Pig  iron and spiegeleisenin pigs, blocks or other primary forms",Iron and steel,1. Manufactured Goods,7201
7202,Ferroalloys,Iron and steel,1. Manufactured Goods,7202
7203,"Ferrous products obtained by direct reduction of iron ore and other spongy ferrous products, in lum,ps  pellets or similar forms; iron havinga minimum purity by weight of 99.94 percent, in lumps, pellets or similar forms",Iron and steel,1. Manufactured Goods,7203
7204,Ferrous waste and scrap; remelting scrap ingots of iron orsteel,Iron and steel,1. Manufactured Goods,7204
7205,"Granules and powders, of pig iron, spiegeleisen, iron or steel",Iron and steel,1. Manufactured Goods,7205
7206,Iron and nonalloy steel in ingots or other primary forms (excluding iron of heading 7203),Iron and steel,1. Manufactured Goods,7206
7207,Semifinished products of iron or nonalloy steel,Iron and steel,1. Manufactured Goods,7207
7208,"Flat-rolled products of iron or nonalloy steel, of a width of 600 mm or mo,re  hot-rolled, not cla, d  plated or coated",Iron and steel,1. Manufactured Goods,7208
7209,"Flat-rolled products of iron or nonalloy steel, of a width of 600 mm or mo,re  cold-rolled (cold-reduced), not clad, plated or
coated",Iron and steel,1. Manufactured Goods,7209
7210,"Flat-rolled products of iron or nonalloy steel, of a width of 600 mm or mo,re  cla, d  plated or coated",Iron and steel,1. Manufactured Goods,7210
7211,"Flat-rolled products of iron or nonalloy steel, of a width of less than 600 mm, not clad, plated or coated",Iron and steel,1. Manufactured Goods,7211
7212,"Flat-rolled products of iron or nonalloy steel, of a width of less than 600 mm, clad, plated or coated",Iron and steel,1. Manufactured Goods,7212
7213,"Bars and rods, hot-rolle, d  in irregularly wound coils, of iron or nonalloy steel",Iron and steel,1. Manufactured Goods,7213
7214,"Other bars and rods of iron or nonalloy ste,el  not further worked than forged. hot-rolled, hot-drawn or hot-extruded, but
including
those twisted after rolline:",Iron and steel,1. Manufactured Goods,7214
7215,Other bars and rods of iron or nonalloy steel,Iron and steel,1. Manufactured Goods,7215
7216,"Ang le, s   shapesand sections of iron or nonalloy steel",Iron and steel,1. Manufactured Goods,7216
7217,Wireof iron or nonalloy steel,Iron and steel,1. Manufactured Goods,7217
7218,Stainless steel in ingots or other primary forms; semi-finished products of stainless steel,Iron and steel,1. Manufactured Goods,7218
7219,"Flat-rolled products of stainless ste,el  of a width of 600 mm or more",Iron and steel,1. Manufactured Goods,7219
7220,"Flat-rolled products of stainless ste,el  of a width of less than 600 mm",Iron and steel,1. Manufactured Goods,7220
7221,"Bars and rods, hot-rolle, d  in irregularly wound coils, of stainless steel",Iron and steel,1. Manufactured Goods,7221
7222,"Other bars and rods of stainless steel; angles, shapes and sections of stainless steel",Iron and steel,1. Manufactured Goods,7222
7223,Wireof stainless steel,Iron and steel,1. Manufactured Goods,7223
7224,Other alloy steel in ingots or other primary forms; semi-finished products of other alloy steel,Iron and steel,1. Manufactured Goods,7224
7225,"Flat-rolled products of other alloy ste,el  of a widthof 600 mm or more",Iron and steel,1. Manufactured Goods,7225
7226,"Flat-rolled products of other alloy ste,el  of a width of less than 600 mm",Iron and steel,1. Manufactured Goods,7226
7227,"Bars and rods, hot-rolle, d  in irregularly wound coils, of other alloy steel",Iron and steel,1. Manufactured Goods,7227
7228,"Other bars and rods of other alloy steel; angles, shapes and sections, of other alloy steel; hollow drillbars androds, of alloy or non-alloy steel",Iron and steel,1. Manufactured Goods,7228
7229,Wireof other alloy steel,Iron and steel,1. Manufactured Goods,7229
7301,"Sheet piling of iron or ste,el  whether or not drille, d  punched or made from assembled elements; welded angl,es  shapes and
sections, of iron or steel",Iron and steel,1. Manufactured Goods,7301
7302,"Railway or tramway track construction material of iron or steel, the following rai,ls  check-rails and rack rails, switch
blad,es crossing frog, s  point rods and other crossing pieces, sleepers (cross-ties), fish-plat,es  chairs, chair wedg,es sole plates (base plates), rail clips, bedplates, ties and other material specialized for jointing or fixing rails",Iron and steel,1. Manufactured Goods,7302
7303,"Tube,s    pipes and hollow profiles, of cast iron",Iron and steel,1. Manufactured Goods,7303
7304,"Tube,s    pipes and hollow profiles, seamless, of iron (other thancast iron)or steel",Iron and steel,1. Manufactured Goods,7304
7305,"Other tubes and pipes (for example, welded, riveted or similarly closed), having circular cross sectio,ns the external diameter of which exceeds 406.4 mm, of iron or steel",Iron and steel,1. Manufactured Goods,7305
7307,"Tubeor pipe fittings (for examp,le  couplings, elbows, sleeve,s)  of iron or steel",Iron and steel,1. Manufactured Goods,7307
8401,"Nuclear reactors; fuel elements (cartridges), non-irradiated, for nuclear reactors; machinery and apparatus for isotopic
separation; parts thereof",Industrial mac.hin ery,1. Manufactured Goods,8401
8402,"Stearn or other vapor generating boilers (other than central heating hot ,vater boilers capable also of producing low pressure steam); super-heated ,vater boilers;",Industrial mac.hin ery,1. Manufactured Goods,8402
8403,Central heating boilers (other than those of heading 8402) and parts thereof,Industrial mac.hin ery,1. Manufactured Goods,8403
8404,"Auxiliary plant for use with boilers of heading 8402 or 8403 (for examp,le economizers, super-heaters,soot removers, gas recoverers); condensers for steam or other vapor power units; parts thereof",Industrial mac.hin ery,1. Manufactured Goods,8404
8405,"Producer gas or ,vater gas generators, with or without their purifiers; acetylene gas generators and similar water process
gas generators, with or without their purifiers; parts thereof",Industrial mac.hin ery,1. Manufactured Goods,8405
8406,"Stearn turbines and other vapor turbines, and parts thereof",Industrial mac.hin ery,1. Manufactured Goods,8406
8407,Spark-ignition reciprocating or rotary internal combustion piston engines,Industrial mac.hin ery,1. Manufactured Goods,8407
8408,Comp  ression  -ignition    in ternal combustion piston engines (diesel or semi-diesel engines),Industrial mac.hin ery,1. Manufactured Goods,8408
8409,Parts suitable for use solely or principally with the engines of heading 8407 or 8408,Industrial mac.hin ery,1. Manufactured Goods,8409
8410,"Hydraulic turbines, water wheels and regulators therefor; parts thereof",Industrial mac.hin ery,1. Manufactured Goods,8410
8411,"Turboj   e,ts   turbopropellers and other gas turbines, and parts thereof",Industrial mac.hin ery,1. Manufactured Goods,8411
8412,"Other engines and motors, and parts thereof",Industrial mac.hin ery,1. Manufactured Goods,8412
8413,"Pumps for liquids, whether or not fitted with a measuring device; liquid elevators; part thereof",Industrial mac.hin ery,1. Manufactured Goods,8413
8414,"Air or  vacuum pumps, air or other gas compressors and fans; ventilating or recycling hoods incorporating a fan, whether
or not fitted with filters; parts thereof",Industrial mac.hin ery,1. Manufactured Goods,8414
8415,"Air conditioning machin,es  comprising a motor-driven fan and elements for changing the temperature and humidi,ty
including those machines in which the humidity cannot be separately regulated; parts thereof",Industrial mac.hin ery,1. Manufactured Goods,8415
8416,"Furnace bumers for liquid fuel, for pulverizedsolid fuel or for gas; mechanical stokers, including their mechanical grates,
mechanical ashdischargers and similar annliances; ruuts thereof",Industrial mac.hin ery,1. Manufactured Goods,8416
8417,"Industrial or laboratory fumaces and ove,ns  including incinerators, nonelectr,ic  and parts thereof",Industrial mac.hin ery,1. Manufactured Goods,8417
8418,"Refrigerators, freezers and other refrigerating or freezing equipment, electric or other; heat pumps, other than the air
conditionine:machines ofheadine: 8415; oarts thereof",Industrial mac.hin ery,1. Manufactured Goods,8418
8419,"Machinery, plant or laboratoryequipme,nt whether or not electrically heated (excluding fumaces, ovensand other equipment of heading 8514), for the treatment of materials by a process involving a change of temperature such as heating, cookin, g  roasting, distilling, rectifying,sterilizing, pasteurizing, steamin, g  drying, evaporating, vaporizin, g condensing or cooling, other than machinery or plant of a kind used for domestic purposes; instantaneous or storage water
heate,rs  nonelectric; parts thereof",Industrial mac.hin ery,1. Manufactured Goods,8419
8420,"Calendering or other rolling machin,es other than for metals or gla,ss  and cylinders therefor; parts thereof",Industrial mac.hin ery,1. Manufactured Goods,8420
8421,"Cen trifug,es  including centrifugal dryers; filtering or purifying machinery and apparatus, for liquids or gases; parts thereof",Industrial mac.hin ery,1. Manufactured Goods,8421
8422,"Dishwashing machines; machinery for cleaning or drying bottles or other containers; machinery for fillin, g  closin, g  sealing or  labeling bottles, can, s  boxe, s  bags or other containers; machinery for capsuling bottles, ja,rs  tubes and similar   containers; other packing or wrapping machinery (including heat-shrink wrapping machinery); machinery for aerating
beverages; parts thereof",Industrial mac.hin ery,1. Manufactured Goods,8422
8423,"Weighing machinery (excluding balances of a sensitivity of 5 cg or bette,r)  including weight-operated counting or checking machines; weighing machine weights of all kinds; parts of weighing machinery",Industrial mac.hin ery,1. Manufactured Goods,8423
8424,"Mechanical appliances (whether or not hand operated) for projectin, g  dispersing or spraying liquids or powders; fire
ex tinguishers    , whether or not charged; spray guns and similar appliances; steam or sand blasting machines and similar jet
projecting machines; parts thereof",Industrial mac.hin ery,1. Manufactured Goods,8424
8425,Pu lley  tackle and hoists other thanskip hoists; winches and capstans;jacks,Industrial mac.hin ery,1. Manufactured Goods,8425
8426,"Ships' derricks; cranes, including cable cranes; mobile lifting frames, straddle carriers and works trucks fitted with a crane",Industrial mac.hin ery,1. Manufactured Goods,8426
8427,Fork-lift trucks; other works trucks fitted with lifting or handling equipment,Industrial mac.hin ery,1. Manufactured Goods,8427
8428,"Other lifting, handling, loading or unloading machinery (for example, elevators, escalators, conveyors, teleferics)",Industrial mac.hin ery,1. Manufactured Goods,8428
8429,"Self-propelled bulldozers, angledozers, graders, levelers, scrapers, mechanical shovels, excavators, shovel loaders, tamping machines and road rollers",Industrial mac.hin ery,1. Manufactured Goods,8429
8430,"Other moving, grading, leveling, scraping, excavating, tamping, compacting, extracting or boring machinery, for earth, minerals
or ores; pile-drivers and pile-extractors; snowplows and snowblowers",Industrial mac.hin ery,1. Manufactured Goods,8430
8431,Parts suitable for use solely or principally with the machinery of headings 8425 to 8430,Industrial mac.hin ery,1. Manufactured Goods,8431
8432,"Agricultural, horticultural or forestry machinery for soil preparation or cultivation; lawn or sports ground rollers; parts thereof",Industrial mac.hin ery,1. Manufactured Goods,8432
8433,"Harvesting or threshing machinery, including straw or fodder balers; grass or hay mowers; machines for cleaning, sorting or grading eggs, fruit or other agricultural produce, other than machinery of heading 8437; parts thereof",Industrial mac.hin ery,1. Manufactured Goods,8433
8434,"Milking machines and dairy machinery, and parts thereof",Industrial mac.hin ery,1. Manufactured Goods,8434
8435,"Presses, crushers and similar machinery, used in the manufacture of wine, cider, fruit juices or similar beverages; parts thereof",Industrial mac.hin ery,1. Manufactured Goods,8435
8436,"Other agricultural, horticultural, forestry, poultry-keeping or bee-keeping machinery, including germination plant fitted with mechanical or thermal equipment; poultry incubators and brooders; parts thereof",Industrial mac.hin ery,1. Manufactured Goods,8436
8437,"Machines for cleaning, sorting or grading seed, grain or dried leguminous vegetables, and parts thereof; machinery used in
the milling industry or for the working of cereals or dried leguminous vegetables, other than farm type machinery; parts thereof",Industrial mac.hin ery,1. Manufactured Goods,8437
8438,"Machinery, not specified or included elsewhere in this chapter, for the industrial preparation or manufacture of food or drink, other than machinery for the extraction or preparation of animal or fixed vegetable fats or oils; parts thereof",Industrial mac.hin ery,1. Manufactured Goods,8438
8439,"Cellulose pulp, paper and board manufacturing or finishing machines",Industrial mac.hin ery,1. Manufactured Goods,8439
8440,"Bookbinding machinery, including book-sewing machines, and parts thereof",Industrial mac.hin ery,1. Manufactured Goods,8440
8441,"Other machinery for making up paper pulp, paper or paperboard, including cutting machines of all kinds, and parts thereof",Industrial mac.hin ery,1. Manufactured Goods,8441
8442,"Machinery, apparatus and equipment (other than the machines of headings 8456 to 8465), for preparing or making plates, cylinders or other printing components; plates, cylinders and other printing components; plates, cylinders and lithographic stones, prepared for printing purposes (for example, planed, grained or polished); parts thereof",Industrial mac.hin ery,1. Manufactured Goods,8442
8443,"Printing machinery used for printing by means of plates, cylinders and other printing components of heading 8442; other printers, copying machines and facsimile machines, whether or not combined; parts and accessories thereof",Industrial mac.hin ery,1. Manufactured Goods,8443
8444,"Machines for extruding, drawing, texturing or cutting man-made textile materials",Industrial mac.hin ery,1. Manufactured Goods,8444
8445,"Machines for preparing textile fibers; spinning, doubling or twisting machines and other machinery for producing textile
yarns; textile reeling or winding (including weft winding) machines and machines for preparing textile yarns for use on the machines of heading 8446 or 8447",Industrial mac.hin ery,1. Manufactured Goods,8445
8446,Weaving machines (looms),Industrial mac.hin ery,1. Manufactured Goods,8446
8447,"Knitting machines, stitch-bonding machines and machines for making gimped yarn, tulle, lace, embroidery, trimmings, braid or net and machines for tufting",Industrial mac.hin ery,1. Manufactured Goods,8447
8448,"Auxiliary machinery for use with machines of heading 8444, 8445, 8446 or 8447 (for example, dobbies, Jacquards, automatic stop motions and shuttle changing mechanisms); parts and accessories suitable for use solely or principally with
the machines of this heading or of heading 8444, 8445, 8446 or 8447 (for example, spindles and spindle flyers, card clothing, combs, extruding nipples, shuttles, healds and heald-frames, hosiery needles)",Industrial mac.hin ery,1. Manufactured Goods,8448
8449,"Machinery for the manufacture or finishing of felt or nonwovens in the piece or in shapes, including machinery for making felt hats; blocks for making hats; parts thereof",Industrial mac.hin ery,1. Manufactured Goods,8449
8450,"Household- or laundry-type washing machines, including machines which both wash and dry; parts thereof",Industrial mac.hin ery,1. Manufactured Goods,8450
8451,"Machinery (other than machines of heading 8450) for washing, cleaning, wringing, drying, ironing, pressing (including fusing presses), bleaching, dyeing, dressing, finishing, coating or impregnating textile yarns, fabrics or made up textile
articles and machines for applying the paste to the base fabric or other support used in the manufacture of floor coverings such as linoleum; machines for reeling, unreeling, folding, cutting or pinking textile fabrics; parts thereof",Industrial mac.hin ery,1. Manufactured Goods,8451
8452,"Sewing machines, other than book-sewing machines of heading 8440; furniture, bases and covers specially designed for sewing machines; sewing machine needles; parts thereof",Industrial mac.hin ery,1. Manufactured Goods,8452
8453,"Machinery for preparing, tanning or working hides, skins or leather or for making or repairing footwear or other articles of hides, skins or leather, other than sewing machines; parts thereof",Industrial mac.hin ery,1. Manufactured Goods,8453
8454,"Converters, ladles, ingot molds and casting machines, of a kind used in metallurgy or in metal foundries, and parts thereof",Industrial mac.hin ery,1. Manufactured Goods,8454
8455,Metal-rolling mills and rolls therefor; parts thereof,Industrial mac.hin ery,1. Manufactured Goods,8455
8456,"Machine tools for working any material by removal of material, by laser or other light or photon beam, ultrasonic, electro- discharge, electro-chemical, electron-beam, ionic-beam or plasma arc processes; water-jet cutting machines",Industrial mac.hin ery,1. Manufactured Goods,8456
8457,"Machining centers, unit construction machines (single station) and multistation transfer machines, for working metal",Industrial mac.hin ery,1. Manufactured Goods,8457
8458,Lathes (including turning centers) for removing metal,Industrial mac.hin ery,1. Manufactured Goods,8458
8459,"Machine tools (including way-type unit head machines) for drilling, boring, milling, threading or tapping by removing metal, other than lathes (including turning centers) of heading 8458",Industrial mac.hin ery,1. Manufactured Goods,8459
8460,"Machine tools for deburring, sharpening, grinding, honing, lapping, polishing or otherwise finishing metal or cermets by
means of grinding stones, abrasives or polishing products, other than gear cutting, gear grinding or gear finishing machines of heading 8461",Industrial mac.hin ery,1. Manufactured Goods,8460
8461,"Machine tools for planing, shaping, slotting, broaching, gear cutting, gear grinding or gear finishing, sawing, cutting-off and other machine tools working by removing metal or cermets, not elsewhere specified or included",Industrial mac.hin ery,1. Manufactured Goods,8461
8462,"Machine tools (including presses) for working metal by forging, hammering or die-stamping; machine tools (including presses) for working metal by bending, folding, straightening, flattening, shearing, punching or notching; presses for working metal or metal carbides, not specified above",Industrial mac.hin ery,1. Manufactured Goods,8462
8463,"Other machine tools for working metal or cermets, without removing material",Industrial mac.hin ery,1. Manufactured Goods,8463
8464,"Machine tools for working stone, ceramics, concrete, asbestos-cement or like mineral materials or for cold working glass",Industrial mac.hin ery,1. Manufactured Goods,8464
8465,"Machine tools (including machines for nailing, stapling, glueing or otherwise assembling) for working wood, cork, bone, hard rubber, hard plastics or similar hard materials",Industrial mac.hin ery,1. Manufactured Goods,8465
8466,"Parts and accessories suitable for use solely or principally with the machines of headings 8456 to 8465, including work or tool holders, self-opening dieheads, dividing heads and other special attachments for the machines; tool holders for any type of tool for working in the hand",Industrial mac.hin ery,1. Manufactured Goods,8466
8467,"Tools for working in the hand, pneumatic, hydraulic or with self-contained electric or nonelectric motor, and parts thereof",Industrial mac.hin ery,1. Manufactured Goods,8467
8468,"Machinery and apparatus for soldering, brazing or welding, whether or not capable of cutting, other than those of heading 8515; gas-operated surface tempering machines and appliances; parts thereof",Industrial mac.hin ery,1. Manufactured Goods,8468
8469,Typewriters other than printers of heading 8443; word processors,Industrial mac.hin ery,1. Manufactured Goods,8469
8470,"Calculating machines and pocket-size data recording, reproducing and displaying machines with calculating functions; accounting machines, postage-franking machines, ticket-issuing machines and similar machines, incorporating a calculating device; cash registers",Industrial mac.hin ery,1. Manufactured Goods,8470
8471,"Automatic data processing machines and units thereof; magnetic or optical readers, machines for transcribing data onto data media in coded form and machines for processing such data, not elsewhere specified or included",Industrial mac.hin ery,1. Manufactured Goods,8471
8472,"Other office machines (for example, hectograph or stencil duplicating machines, addressing machines, automatic banknote dispensers, coin-sorting machines, coin-counting or wrapping machines, pencil-sharpening machines, perforating or stapling machines)",Industrial mac.hin ery,1. Manufactured Goods,8472
8473,"Parts and accessories (other than covers, carrying cases and the like) suitable for use solely or principally with machines of headings 8470 to 8472",Industrial mac.hin ery,1. Manufactured Goods,8473
8474,"Machinery for sorting, screening, separating, washing, crushing, grinding, mixing or kneading earth, stone, ores or other mineral substances, in solid (including powder or paste) form; machinery for agglomerating, shaping or molding solid
mineral fuels, ceramic paste, unhardened cements, plastering materials or other mineral products in powder or paste form; machines for forming foundry molds of sand; parts thereof",Industrial mac.hin ery,1. Manufactured Goods,8474
8475,"Machines for assembling electric or electronic lamps, tubes or flashbulbs, in glass envelopes; machines for manufacturing or hot working glass or glassware; parts thereof",Industrial mac.hin ery,1. Manufactured Goods,8475
8476,"Automatic goods-vending machines (for example, postage stamp, cigarette, food or beverage machines), including money- changing machines; parts thereof",Industrial mac.hin ery,1. Manufactured Goods,8476
8477,"Machinery for working rubber or plastics or for the manufacture of products from these materials, not specified or included elsewhere in this chapter; parts thereof",Industrial mac.hin ery,1. Manufactured Goods,8477
8478,"Machinery for preparing or making up tobacco, not specified or included elsewhere in this chapter; parts thereof",Industrial mac.hin ery,1. Manufactured Goods,8478
8479,"Machines and mechanical appliances having individual functions, not specified or included elsewhere in this chapter; parts thereof",Industrial mac.hin ery,1. Manufactured Goods,8479
8480,"Molding boxes for metal foundry; mold bases; molding patterns; molds for metal (other than ingot mold,s) metal carbid,es glass, mineral materials, rubber or plastics",Industrial mac.hin ery,1. Manufactured Goods,8480
8481,"Tap,s    cocks, valves and similar appliances, for pipes, boiler shel,ls  tanks, vats or the like, including pressure-reducing valves and thermostatically controlled valves; parts thereof",Industrial mac.hin ery,1. Manufactured Goods,8481
8482,"Ball or roller bearings, and parts thereof",Industrial mac.hin ery,1. Manufactured Goods,8482
8483,"Transmission shafts (including camshafts and crankshafts) and cranks; bearing housings, housed bearings and plain shaft bearings; gears and gearing; ballor roller screws; gear boxes and other speed changers, including torque  converters; flywheels and pulley, s  including pulley blocks; clutches and shaft couplings (including universal joints); parts thereof",Industrial mac.hin ery,1. Manufactured Goods,8483
8484,"Gaskets and similar joints of metal sheeting combined with other material or of two or more layers of metal; sets or assortments of gasketsand similar join,ts  dissimilar in composition, put up in pouch,es  envelopes or similar packings; mechanical seals",Industrial mac.hin ery,1. Manufactured Goods,8484
8486,"Machines and apparatus of a kind used solely or principally for the manufacture of semiconductor bou1es or wafe,rs semiconductor devices, electronic integrated circuits or flat panel displays; machines and apparatus specified in Note 9 (C) to this chapter; parts andaccessories",Industrial mac.hin ery,1. Manufactured Goods,8486
8487,"Machinery parts, notcontaining electrical connecto,rs  insu1ators, coils, contacts or other electrical features, and not specified or included elsewhere in this chapter",Industrial mac.hin ery,1. Manufactured Goods,8487
8501,Electric motors and generators (excluding generating sets),Electrical equipment and mac.hioery,1. Manufactured Goods,8501
8502,Electric generating sets and rotary converters,Electrical equipment and mac.hioery,1. Manufactured Goods,8502
8503,Parts suitable for use solely or principally with the machines of heading 850I or 8502,Electrical equipment and mac.hioery,1. Manufactured Goods,8503
8504,"Electrical transforme,rs staticconverters (for examp,le  rectifiers)and inductors; parts thereof",Electrical equipment and mac.hioery,1. Manufactured Goods,8504
8505,"Electromagnets; permanent magnets and articles intended to become permanent magnets after magnetization;
electro  magnetic or permanent magnet chucks, clamps and similar holding devices; electromagnetic couplings, clutches and brakes; electromagnetic lifting heads; parts thereof",Electrical equipment and mac.hioery,1. Manufactured Goods,8505
8506,Primary cells and primary batteries; parts thereof,Electrical equipment and mac.hioery,1. Manufactured Goods,8506
8507,"Electric storage batteri,es including separators theref,or  whether or not rectangular (including square); parts thereof",Electrical equipment and mac.hioery,1. Manufactured Goods,8507
8508,Vacuum cleaners; parts thereof,Electrical equipment and mac.hioery,1. Manufactured Goods,8508
8509,"Electromechanical domestic applianc,es  with self-containedelectric motor, other than vacuum cleaners of heading 8508;
parts thereof",Electrical equipment and mac.hioery,1. Manufactured Goods,8509
8510,"Shavers  , hair clippers and hair-removingappliances, with self-containedelectric motor; parts thereof",Electrical equipment and mac.hioery,1. Manufactured Goods,8510
8511,"Electrical ignition or starting equipment of a kind used for spark-ignition or compression-ignition internal combustion engines (for example, ignition magnetos, magneto-dynamos, ignition coils, spark plugs and glow plugs, starter motors); generators (for examp, le dynamos, alternators) and cut-outs of a kind used in conjunction with such engines; parts thereof",Electrical equipment and mac.hioery,1. Manufactured Goods,8511
8512,"Electrical lighting or signaling equipment (excluding articles of heading 8539), windshield wipe,rs  defrosters and demisters, of a kind used for cycles or motor vehicles; parts thereof",Electrical equipment and mac.hioery,1. Manufactured Goods,8512
8513,"Portable electric lamps designed to function by their own source of energy (for examp,le  dry batteries, storage batteri,es magnetos), other than lighting equipment of heading 8512; parts thereof",Electrical equipment and mac.hioery,1. Manufactured Goods,8513
8514,"Industrial or laboratory electric furnaces and ovens (including those functioning by induction or dielectric loss); other industrial
or laboratory equipment for the heat treatment of materials by induction or dielectric loss; parts thereof",Electrical equipment and mac.hioery,1. Manufactured Goods,8514
8515,"Electric (including electrically heated gas), laser or other light or photon beam, ultrasonic, electron beam, magnetic pulse or plasma arc soldering, brazing or welding machines and apparatus, whether or not capable of cutting; electric machines and apparatus for hot spraying of metals or cermets; parts thereof",Electrical equipment and mac.hioery,1. Manufactured Goods,8515
8516,"Electric instantaneous or storage water heaters and immersion heaters; electric space heating apparatus and soil heating apparatus; electrothermic hairdressing apparatus (for example, hair dryers, hair curlers, curling tong heaters) and hand
dryers; electric flatirons; other electrothermic appliances of a kind used for domestic purposes; electric heating resistors, other than those of heading 8545; parts thereof",Electrical equipment and mac.hioery,1. Manufactured Goods,8516
8517,"Telephone sets, including telephones for cellular networks or for other wireless networks; other apparatus for the transmission or reception of voice, images or other data,
including apparatus for communication in a wired or wireless network (such as a local or wide area network), other than transmission or reception apparatus of heading 8443, 8525,8527 or 8528; parts thereof",Electrical equipment and mac.hioery,1. Manufactured Goods,8517
8518,"Microphones and stands therefor; loudspeakers, whether or not mounted in their enclosures; headphones and earphones, whether or not combined with a microphone, and sets consisting of a microphone and one or more loudspeakers; audio- frequency electric amplifiers; electric sound amplifier sets; parts thereof",Electrical equipment and mac.hioery,1. Manufactured Goods,8518
8519,Sound recording or reproducing apparatus,Electrical equipment and mac.hioery,1. Manufactured Goods,8519
8521,"Video recording or reproducing apparatus, whether or not incorporating a video tuner",Electrical equipment and mac.hioery,1. Manufactured Goods,8521
8522,Parts and accessories suitable for use solely or principally with the apparatus of heading 8519 or 8521,Electrical equipment and mac.hioery,1. Manufactured Goods,8522
8523,"Discs, tapes, solid-state non-volatile storage devices, ""smart cards"" and other media for the recording of sound or of other
phenomena, whether or not recorded, including matrices and masters for the production of discs, but excluding products of Chapter 37",Electrical equipment and mac.hioery,1. Manufactured Goods,8523
8525,"Transmission apparatus for radio-broadcasting or television, whether or not incorporating reception apparatus or sound recording or reproducing apparatus; television cameras, digital cameras and video camera recorders",Electrical equipment and mac.hioery,1. Manufactured Goods,8525
8526,"Radar apparatus, radio navigational aid apparatus and radio remote control apparatus",Electrical equipment and mac.hioery,1. Manufactured Goods,8526
8527,"Reception apparatus for radiobroadcasting, whether or not combined, in the same housing, with sound recording or reproducing apparatus or a clock",Electrical equipment and mac.hioery,1. Manufactured Goods,8527
8528,"Monitors and projectors, not incorporating television reception apparatus; reception apparatus for television, whether or not incorporating radio-broadcast receivers or sound or video recording or reproducing apparatus",Electrical equipment and mac.hioery,1. Manufactured Goods,8528
8529,Parts suitable for use solely or principally with the apparatus of headings 8525 to 8528,Electrical equipment and mac.hioery,1. Manufactured Goods,8529
8530,"Electrical signaling, safety or traffic control equipment for railways, streetcar lines, subways, roads, inland waterways, parking facilities, port installations or airfields (other than those of heading 8608); parts thereof",Electrical equipment and mac.hioery,1. Manufactured Goods,8530
8531,"Electric sound or visual signaling apparatus (for example, bells, sirens, indicator panels, burglar or fire alarms), other than those of heading 8512 or 8530; parts thereof",Electrical equipment and mac.hioery,1. Manufactured Goods,8531
8532,"Electrical capacitors, fixed, variable or adjustable (pre-set); parts thereof",Electrical equipment and mac.hioery,1. Manufactured Goods,8532
8533,"Electrical resistors (including rheostats and potentiometers), other than heating resistors; parts thereof",Electrical equipment and mac.hioery,1. Manufactured Goods,8533
8534,Printed circuits,Electrical equipment and mac.hioery,1. Manufactured Goods,8534
8535,"Electrical apparatus for switching or protecting electrical circuits, or for making connections to or in electrical circuits (for example, switches, fuses, lightning arresters, voltage limiters, surge suppressors, plugs and other connectors, junction boxes), for a voltage exceeding 1,000 V",Electrical equipment and mac.hioery,1. Manufactured Goods,8535
8536,"Electrical apparatus for switching or protecting electrical circuits, or for making connections to or in electrical circuits (for
example, switches, relays, fuses, surge suppressors, plugs, sockets, lamp-holders and other connectors, junction boxes), for a voltage not exceeding 1,000 V; connectors for optical fibers, optical fiber bundles or cables",Electrical equipment and mac.hioery,1. Manufactured Goods,8536
8537,"Boards, panels, consoles, desks, cabinets and other bases, equipped with two or more apparatus of heading 8535 or 8536,
for electric control or the distribution of electricity, including those incorporating instruments or apparatus of chapter 90, and numerical control apparatus, other than switching apparatus of heading 8517",Electrical equipment and mac.hioery,1. Manufactured Goods,8537
8538,"Parts suitable for use solely or principally with the apparatus of heading 8535, 8536 or 8537",Electrical equipment and mac.hioery,1. Manufactured Goods,8538
8539,"Electrical filament or discharge lamps, including sealed beam lamp units and ultraviolet or infrared lamps; arc lamps; light-emitting diode (LED) lamps; parts thereof",Electrical equipment and mac.hioery,1. Manufactured Goods,8539
8540,"Thermionic, cold cathode or photocathode tubes (for example, vacuum or vapor or gas filled tubes, mercury arc rectifying tubes, cathode-ray tubes, television camera tubes); parts thereof",Electrical equipment and mac.hioery,1. Manufactured Goods,8540
8541,"Diodes, transistors and similar semiconductor devices; photosensitive semiconductor devices, including photovoltaic cells
whether or not assembled in modules or made up into panels; light-emitting diodes (LED); mounted piezoelectric crystals; parts thereof",Electrical equipment and mac.hioery,1. Manufactured Goods,8541
8542,Electronic integrated circuits; parts thereof,Other manufactured goods,1. Manufactured Goods,8542
8543,"Electrical machines and apparatu, s  having individual functions, not specified or included elsewhere in thischapter, parts
thereof",Electrical equipment and mac.hioery,1. Manufactured Goods,8543
8544,"Insulated (including enameled or anodized) wi,re  cable (including coaxial cable) and other insulated electric conductors, whether or not fitted with connectors; optical fiber cables, made up of individually sheathed fibe,rs  whether or not
assembled with electric conductors or fitted with connectors",Electrical equipment and mac.hioery,1. Manufactured Goods,8544
8545,"Carbon electrodes, carbon brushes, lamp carbo,ns battery carbons and other articles of graphiteor other carbon, with or
without met,al  of a kind used for electrical pmposes",Electrical equipment and mac.hioery,1. Manufactured Goods,8545
8546,Electrical insulators of any material,Electrical equipment and mac.hioery,1. Manufactured Goods,8546
8547,"Insulating fittings for electrical machines, appliances or equipme,nt  being fittings wholly of insulating material apart from
any minor components of metal (for examp,le  threaded sockets) incorporated during molding solely for the purposes of assemb,ly  other than insulators of heading854;6electrical conduit tubing and joints therefor, of base metal lined with
insulating material",Electrical equipment and mac.hioery,1. Manufactured Goods,8547
8548,"Waste and scrap of primary cells, primary batteries and electric storage batteries; spent primary cells, spent primary batteries and spent electric storage batteries; electrical parts of machinery or apparatus, not specified or included elsewhere
in this chapter",Electrical equipment and mac.hioery,1. Manufactured Goods,8548
8703,"Motor carsand other motor vehicles principally designed for the transport of persons (other than those of heading 870,2) including station ,vagonsand racing cars",Vehicles,1. Manufactured Goods,8703
8704,Motor vehicles for the transport of goods,Vehicles,1. Manufactured Goods,8704
8802,"Other aircraft (for examp,le  helicopters, airplanes); spacecraft (including satellites) and suborbital and spacecraft launch
vehicles",Air craf t (ord ers and deliverie s),1. Manufactured Goods,8802
9002,"Lens,es  prism, s  mirrors and other optical elements, of any materi,al mounted, being parts of or fittings for instruments or apparatus, other than such elements of glassnot optically worked; partsand accessories thereof",Optical and medical instruments,1. Manufactured Goods,9002
9003,"Frames and mountings for spectacl,es  goggles or the like, and parts thereof",Optical and medical instruments,1. Manufactured Goods,9003
9011,"Compound optical microscopes, including those for photomicrograp,hy cinemicrography or microprojection; parts and
accessories thereof",Optical and medical instruments,1. Manufactured Goods,9011
9012,Microscopes other than optical microscopes; diffraction apparatus; parts and accessories thereof,Optical and medical instruments,1. Manufactured Goods,9012
9018,"Instruments and appliances used in medic,al surgic,al  dental or veterinary sciences, including scintigraphic apparatus,
other electro-medical apparatus and sight-testing instruments; parts and accessories thereof",Optical and medical instruments,1. Manufactured Goods,9018
9019,"Mechano-therapy appliances; massage apparatus; psychological aptitude-testing apparatus; ozone therapy, oxygen therap, y
aerosol therap, y  artificial respiration or other therapeutic respiration apparatus; parts and accessories thereof",Optical and medical instruments,1. Manufactured Goods,9019
9020,"Other breathing appliances and gas masks, excluding protective masks having neither mechanical partsnor replaceable filters; partsand accessories thereof",Optical and medical instruments,1. Manufactured Goods,9020
9021,"Orthopedic appliances, including crutch,es  surgical belts and trusses; splints and other fracture appliances; artificial parts of the body; hearing aids and other appliances which are worn or carried, or implanted in the bod, y  to compensate for a
defect or disabilitv; oarts and accessories thereof",Optical and medical instruments,1. Manufactured Goods,9021
9022,"Apparatus based on the use of X-rays or of alph, a  beta or gamma radiations, whether or not for medical, surgic,al  dental or veterinary us,es  including radiography or radiotherapy apparatus, X-ray tubes and other X-ray generators, high tension generators, control panels and desks, screens, examination or treatment tabl,es  chairs and the like; partsand accessories
thereof",Optical and medical instruments,1. Manufactured Goods,9022
